-36.96,2019-09-16 21:42:53,1
-29.22,2019-12-24 09:13:14,2
12.36,2019-01-26 23:59:40,1
-32.91,2019-09-18 11:37:18,1
-12.02,2019-12-28 06:32:58,2
34.53,2019-07-03 15:22:35,2
-34.0,2019-08-24 05:29:55,1
14.76,2019-02-24 23:28:14,1
9.82,2019-04-17 12:14:17,2
39.03,2019-08-22 02:11:44,2
22.96,2019-08-05 19:07:59,1
22.85,2019-10-09 08:01:01,1
5.14,2019-09-12 08:12:19,1
-15.75,2019-03-08 23:30:17,1
10.03,2019-03-15 20:53:40,1
35.55,2019-09-14 19:00:34,1
29.76,2019-02-20 19:31:44,2
39.84,2019-08-27 15:05:38,2
-16.85,2019-10-18 01:28:48,1
-35.54,2019-10-19 17:30:00,2
-11.91,2019-02-13 06:13:17,2
-5.55,2019-12-11 18:53:49,1
-32.56,2019-02-14 01:53:30,2
-20.17,2019-07-31 00:47:19,1
26.07,2019-10-20 05:54:35,2
-20.74,2019-04-06 13:15:00,1
22.82,2019-12-06 07:31:59,2
31.11,2019-07-16 23:27:13,2
-20.94,2019-05-17 10:37:30,1
33.91,2019-12-17 10:18:42,1
5.27,2019-12-18 22:20:30,1
-9.92,2019-01-21 02:32:36,2
-11.18,2019-03-24 14:25:44,1
-15.03,2019-06-26 11:36:20,1
-5.16,2019-01-10 16:57:24,2
21.33,2019-07-02 09:04:57,2
27.5,2019-05-17 05:04:25,2
-25.87,2019-02-15 17:17:28,2
-23.55,2019-11-17 22:28:13,2
-18.16,2019-12-19 05:23:17,2
0.05,2019-05-14 14:28:03,2
-33.7,2019-07-27 12:40:26,2
29.11,2019-02-16 01:02:42,2
-33.69,2019-07-14 15:04:20,2
31.39,2019-09-19 10:49:02,2
19.41,2019-12-22 12:09:37,1
-13.78,2019-04-17 12:13:38,2
-11.23,2019-11-14 19:18:45,2
-7.57,2019-11-03 13:36:07,1
37.25,2019-02-26 10:57:09,2
2.67,2019-06-11 00:21:30,1
18.93,2019-09-01 00:25:35,2
37.37,2019-05-29 22:03:59,2
-14.37,2019-07-22 07:17:25,1
-15.67,2019-05-04 21:49:29,1
36.79,2019-06-24 03:24:00,2
36.76,2019-03-23 13:26:24,2
-20.68,2019-01-23 14:33:26,1
-35.15,2019-02-11 05:58:49,1
13.65,2019-04-21 10:00:26,2
16.3,2019-06-05 07:32:40,1
-32.75,2019-08-24 14:58:01,2
38.62,2019-09-24 05:48:04,1
-6.38,2019-12-17 17:29:50,1
7.79,2019-02-26 12:42:33,2
34.08,2019-04-29 00:47:15,2
-25.31,2019-12-03 16:03:15,2
-18.34,2019-02-14 20:08:50,2
-16.59,2019-06-28 22:36:00,1
37.38,2019-12-16 22:20:07,2
-29.86,2019-06-30 08:23:57,2
11.85,2019-03-20 11:34:00,2
-18.75,2019-03-21 11:03:28,2
24.77,2019-11-12 17:09:03,2
11.99,2019-12-27 19:01:25,2
25.63,2019-09-01 13:02:45,2
-4.4,2019-03-25 08:09:28,1
-14.58,2019-11-20 22:33:41,1
9.4,2019-05-12 22:12:32,1
38.47,2019-11-02 03:36:11,2
10.55,2019-01-17 07:43:47,1
-9.35,2019-01-23 20:13:34,2
28.82,2019-04-30 06:57:49,1
-9.73,2019-06-10 07:35:58,1
-17.72,2019-06-18 19:56:24,2
14.44,2019-05-01 13:48:17,2
-3.39,2019-05-19 06:18:24,2
-31.65,2019-06-29 23:08:33,1
19.75,2019-11-23 14:23:21,1
-0.89,2019-07-05 02:37:28,1
1.59,2019-11-07 13:12:24,1
-8.67,2019-01-20 16:15:55,2
-17.72,2019-01-24 07:23:09,2
-35.48,2019-01-29 07:55:38,2
-1.96,2019-10-30 02:07:08,1
-27.33,2019-05-26 19:38:51,1
-2.34,2019-05-14 19:54:11,2
-39.1,2019-10-25 19:31:55,1
-31.94,2019-07-14 03:58:27,1
33.36,2019-11-10 03:33:25,1
34.43,2019-02-05 00:47:51,1
-0.92,2019-12-04 17:38:23,2
25.91,2019-03-06 03:09:39,1
-3.18,2019-12-02 00:38:49,2
10.25,2019-04-11 11:57:18,2
12.28,2019-06-19 04:17:02,2
-34.87,2019-06-26 15:13:01,2
20.89,2019-11-16 20:12:12,2
10.12,2019-06-03 22:53:54,2
16.6,2019-09-21 19:10:21,2
33.15,2019-04-24 02:30:36,1
-33.71,2019-09-30 22:26:47,2
-28.1,2019-07-18 19:16:31,1
5.45,2019-10-21 12:52:57,2
18.33,2019-12-09 00:50:54,1
-26.14,2019-03-07 09:24:37,1
25.97,2019-01-06 07:16:21,1
1.46,2019-12-08 18:43:45,1
-5.3,2019-03-13 14:50:56,1
-34.63,2019-04-02 20:29:15,2
35.03,2019-05-20 16:18:56,1
2.14,2019-04-09 10:06:09,2
-39.41,2019-05-31 18:23:35,2
16.19,2019-12-23 04:17:16,1
-6.09,2019-09-06 09:44:53,2
-23.39,2019-07-13 18:29:45,1
0.13,2019-11-21 21:36:19,2
1.82,2019-08-10 21:55:54,2
8.3,2019-12-26 22:55:20,2
-31.61,2019-10-19 20:21:21,1
-16.85,2019-05-21 06:06:14,2
19.46,2019-03-23 00:50:57,1
7.51,2019-03-27 19:23:37,1
36.76,2019-02-03 06:55:16,2
-20.82,2019-08-13 16:22:49,2
-6.05,2019-01-17 17:53:32,1
-23.71,2019-05-29 20:49:23,2
-22.68,2019-04-24 12:58:20,1
-0.25,2019-08-11 02:45:14,2
12.17,2019-02-21 13:07:13,2
9.45,2019-10-31 02:56:02,2
-7.61,2019-08-12 02:17:00,2
-15.01,2019-07-09 07:49:24,1
26.78,2019-08-18 04:51:19,2
-19.7,2019-11-16 11:50:39,2
-21.05,2019-01-04 16:44:58,2
31.75,2019-11-24 05:39:56,1
-9.18,2019-06-24 11:46:06,1
18.04,2019-07-25 15:20:07,1
-23.78,2019-06-10 07:08:38,2
-17.53,2019-04-26 15:18:11,2
24.94,2019-10-05 04:18:39,1
21.28,2019-01-03 11:30:08,2
6.18,2019-12-24 14:09:06,2
-24.75,2019-12-08 14:25:04,2
10.9,2019-05-22 11:58:50,1
33.39,2019-11-23 08:08:06,1
18.69,2019-03-25 22:09:23,1
22.67,2019-09-07 22:39:43,2
-0.74,2019-08-16 21:01:58,2
22.36,2019-02-16 22:52:20,1
-17.26,2019-01-27 07:08:29,1
17.82,2019-09-30 13:37:08,1
-12.0,2019-03-14 07:38:43,2
-20.0,2019-10-22 21:40:24,2
-5.56,2019-12-08 13:00:32,1
-24.16,2019-04-26 02:05:35,2
-35.73,2019-05-06 03:57:28,1
-1.03,2019-12-29 13:26:26,2
34.46,2019-12-30 12:51:29,1
18.36,2019-11-25 03:17:14,1
-24.68,2019-02-09 00:53:45,2
-36.46,2019-06-06 01:13:51,1
-14.64,2019-11-03 21:50:00,1
19.8,2019-05-11 00:43:30,1
8.83,2019-08-27 05:15:40,2
31.99,2019-04-21 17:41:45,1
-36.26,2019-11-29 19:16:03,2
11.68,2019-11-24 21:47:53,2
-11.68,2019-03-08 07:36:13,2
-35.06,2019-02-14 03:23:25,1
-38.52,2019-08-14 23:17:21,1
31.68,2019-01-27 22:58:11,1
-27.44,2019-10-29 14:53:02,1
-29.85,2019-01-24 15:05:20,1
11.55,2019-06-22 10:05:29,2
6.05,2019-04-29 12:46:47,1
4.27,2019-06-09 11:28:00,2
-13.62,2019-08-25 15:46:15,2
-32.46,2019-01-09 15:58:54,1
33.52,2019-01-12 22:59:08,1
-24.8,2019-11-04 14:36:31,2
0.76,2019-01-26 18:14:13,1
20.65,2019-09-30 00:46:32,2
-1.11,2019-05-04 23:04:12,1
1.26,2019-02-05 11:31:45,1
-2.14,2019-05-31 01:38:38,1
34.49,2019-06-06 16:10:15,1
20.41,2019-12-15 21:25:44,1
36.05,2019-11-02 21:56:08,1
12.49,2019-10-30 02:01:27,2
11.77,2019-12-26 20:37:24,2
-21.94,2019-03-06 11:09:45,2
34.13,2019-11-30 09:25:13,1
-2.96,2019-02-20 00:25:47,2
-36.74,2019-01-15 22:49:27,1
-22.66,2019-10-18 12:43:33,2
-5.91,2019-07-27 07:18:11,1
-39.01,2019-02-22 12:17:03,2
-32.58,2019-08-23 13:07:56,2
6.47,2019-05-16 16:07:49,2
18.88,2019-09-02 00:14:37,2
36.13,2019-09-24 23:50:08,1
-4.8,2019-03-24 17:08:57,2
38.33,2019-05-04 19:55:25,1
-32.53,2019-06-12 15:22:11,2
16.96,2019-06-28 22:08:21,2
8.63,2019-01-01 23:56:59,1
-25.43,2019-01-16 17:19:11,2
38.88,2019-04-11 10:01:37,1
-16.09,2019-01-07 03:08:19,2
20.95,2019-04-26 19:58:12,1
-6.01,2019-02-20 12:51:00,2
-25.79,2019-09-03 17:55:41,1
8.82,2019-10-21 14:42:29,2
3.9,2019-09-05 08:56:56,2
3.96,2019-10-10 19:32:51,1
29.5,2019-08-15 05:37:11,1
-19.17,2019-03-25 06:32:14,1
-13.19,2019-03-30 06:39:07,1
24.21,2019-08-25 00:42:36,1
-21.91,2019-04-04 08:52:43,1
-12.34,2019-01-11 15:30:43,2
23.95,2019-12-02 10:19:59,1
-10.89,2019-08-01 05:41:14,1
39.77,2019-04-27 04:50:22,2
-6.96,2019-12-07 04:43:32,2
-9.18,2019-05-01 03:37:47,1
10.07,2019-10-31 14:48:39,1
-27.82,2019-02-05 02:04:28,2
-6.55,2019-07-20 09:36:02,2
16.35,2019-08-05 13:51:38,2
-30.41,2019-05-12 20:57:00,1
26.2,2019-03-22 20:52:52,1
0.89,2019-11-28 21:15:31,2
-21.74,2019-01-16 16:51:10,2
-5.03,2019-12-28 19:11:47,2
-33.98,2019-07-02 16:05:51,2
-13.29,2019-07-10 19:49:48,1
-23.16,2019-02-07 18:39:45,2
-3.23,2019-06-01 12:31:08,1
28.35,2019-11-27 01:11:47,2
22.44,2019-07-18 16:48:25,1
-12.18,2019-06-07 11:00:39,1
28.95,2019-07-09 01:20:00,1
1.74,2019-07-28 18:00:22,2
-30.92,2019-05-15 01:36:36,1
-10.41,2019-08-12 12:49:07,1
-1.91,2019-04-02 01:56:10,1
-39.38,2019-02-13 15:57:14,2
-34.65,2019-03-25 20:48:52,1
32.63,2019-12-20 12:01:12,1
-10.72,2019-05-16 07:21:17,2
-22.53,2019-06-06 06:09:46,2
-15.97,2019-06-12 07:28:51,2
-15.12,2019-02-18 23:51:05,2
8.53,2019-08-16 04:13:22,2
-34.02,2019-11-28 18:47:38,2
16.55,2019-08-03 05:58:02,1
18.36,2019-06-14 00:22:29,2
20.7,2019-09-07 20:58:06,2
33.36,2019-12-01 06:51:52,1
-6.33,2019-04-30 18:30:14,1
29.65,2019-07-17 15:33:51,1
38.6,2019-02-03 09:46:58,1
-24.48,2019-06-13 19:37:52,2
-16.05,2019-10-16 09:24:31,2
12.27,2019-06-12 15:38:53,1
1.95,2019-11-17 22:46:58,1
-32.41,2019-06-21 20:41:06,1
10.4,2019-04-20 17:30:42,1
-23.28,2019-02-06 11:56:35,2
4.42,2019-01-31 06:04:45,2
37.2,2019-06-25 05:09:55,2
9.66,2019-12-15 17:41:30,2
-38.86,2019-11-13 12:48:14,2
-10.22,2019-08-09 18:11:45,2
27.19,2019-08-21 16:37:44,2
30.32,2019-01-20 21:14:20,1
-4.95,2019-03-05 06:06:40,2
-19.1,2019-09-20 13:25:52,1
26.93,2019-01-27 10:56:26,1
23.72,2019-10-25 16:30:21,2
-22.16,2019-04-07 15:03:55,1
23.58,2019-12-23 06:57:07,2
10.62,2019-03-20 23:51:42,1
-30.72,2019-11-09 06:53:28,1
3.41,2019-09-25 02:28:36,1
24.37,2019-07-17 09:09:53,2
-21.42,2019-10-06 05:55:17,1
26.72,2019-09-20 05:39:23,1
17.68,2019-04-09 00:32:22,1
-4.98,2019-03-31 18:03:35,2
9.77,2019-09-26 18:58:04,2
4.25,2019-06-24 17:45:07,2
31.86,2019-12-02 04:49:26,1
-30.13,2019-08-02 16:49:57,2
-10.83,2019-01-02 20:17:34,2
-6.2,2019-04-17 01:14:23,1
-28.95,2019-01-31 21:26:32,1
-28.61,2019-11-12 21:30:54,1
-27.61,2019-07-19 22:58:50,1
-22.21,2019-10-28 09:06:15,1
11.11,2019-09-02 04:13:19,1
-19.8,2019-10-13 16:10:27,1
-2.1,2019-01-16 21:11:06,1
-37.45,2019-01-20 09:52:49,1
-20.01,2019-08-13 14:09:15,2
-7.89,2019-11-30 13:58:23,2
-4.08,2019-05-20 05:54:05,1
0.53,2019-01-21 02:15:40,2
-13.58,2019-06-27 18:27:07,1
-14.42,2019-11-13 14:21:58,1
17.31,2019-03-10 09:58:14,1
34.57,2019-10-30 00:16:41,1
-17.97,2019-12-08 15:17:46,2
-31.13,2019-03-17 02:55:11,2
1.35,2019-05-07 20:45:45,1
33.85,2019-08-14 13:11:36,1
34.85,2019-06-08 16:20:50,2
19.56,2019-06-12 05:16:46,1
-25.34,2019-01-22 02:38:13,2
-11.51,2019-03-10 03:24:33,1
19.33,2019-03-21 20:31:33,2
-33.43,2019-05-22 18:41:04,1
-25.26,2019-03-06 12:15:13,1
-6.41,2019-01-02 05:40:40,1
-36.74,2019-05-28 14:56:16,2
11.21,2019-08-13 09:31:47,2
-12.6,2019-05-18 14:44:33,2
-25.03,2019-02-09 15:29:31,1
4.22,2019-07-14 17:00:14,2
28.16,2019-11-03 20:35:49,1
-32.08,2019-01-01 07:55:31,1
0.0,2019-11-14 06:19:05,2
26.22,2019-11-16 15:04:02,2
-30.41,2019-02-16 16:01:52,2
-9.7,2019-12-07 15:20:45,2
-34.56,2019-01-10 05:52:52,2
-37.61,2019-06-16 13:43:35,1
-37.36,2019-05-04 08:11:33,1
-18.36,2019-01-29 01:17:30,1
-3.16,2019-12-03 15:35:08,2
-12.02,2019-03-21 05:05:01,1
-1.32,2019-07-01 18:14:06,2
4.71,2019-06-02 18:02:40,2
5.96,2019-11-17 12:48:54,1
23.69,2019-11-02 02:52:58,2
11.14,2019-03-16 04:37:58,1
6.06,2019-01-29 03:48:04,2
-1.5,2019-01-12 09:07:21,2
-12.58,2019-05-25 13:53:33,2
17.14,2019-05-27 14:54:50,2
-7.8,2019-10-29 05:10:03,2
5.35,2019-09-25 21:39:57,1
-38.44,2019-08-04 04:02:37,1
33.7,2019-05-14 03:07:03,2
1.11,2019-03-17 07:59:11,1
-32.13,2019-10-23 02:06:58,1
11.4,2019-07-01 19:58:01,2
-23.14,2019-03-17 12:23:51,2
14.47,2019-11-05 20:35:43,1
9.38,2019-02-07 08:02:57,1
-3.93,2019-03-28 23:59:42,1
-29.0,2019-02-07 08:02:10,1
5.71,2019-03-28 21:12:49,1
-26.21,2019-01-02 04:25:20,2
-29.92,2019-10-18 15:45:19,1
5.51,2019-03-20 15:26:48,2
29.14,2019-12-23 09:47:52,2
-1.26,2019-07-23 12:28:01,2
-39.32,2019-05-10 20:54:37,2
38.99,2019-07-21 21:04:35,1
4.35,2019-07-14 15:29:38,1
-11.8,2019-07-14 10:16:22,1
-7.57,2019-08-15 01:45:51,1
0.55,2019-09-13 22:30:35,1
-21.24,2019-02-19 15:18:20,1
39.03,2019-07-15 14:43:30,1
37.76,2019-08-05 02:50:57,1
10.79,2019-08-14 13:18:02,1
-5.99,2019-07-07 23:15:39,1
-10.13,2019-03-16 17:12:06,1
-21.3,2019-11-06 06:10:31,1
15.17,2019-03-29 05:49:35,1
-13.48,2019-09-10 17:33:23,1
16.78,2019-03-31 12:25:20,2
36.35,2019-02-04 21:50:07,2
30.45,2019-12-17 05:08:14,1
-11.24,2019-04-13 18:01:39,2
-9.36,2019-10-01 17:27:56,2
-13.44,2019-12-08 19:06:08,2
8.84,2019-05-24 02:26:13,2
-16.08,2019-11-15 00:23:00,1
-8.43,2019-04-15 09:53:28,1
31.08,2019-05-17 02:32:46,1
-31.52,2019-11-01 08:13:18,1
13.1,2019-10-16 19:25:49,1
-20.58,2019-10-04 04:32:22,1
-18.66,2019-09-03 09:56:33,2
-3.63,2019-08-03 20:38:46,1
-16.27,2019-03-09 20:45:24,1
-8.58,2019-02-03 05:19:51,1
17.4,2019-08-14 16:31:06,2
-5.22,2019-10-30 18:49:45,2
-1.92,2019-10-20 06:47:01,1
26.63,2019-09-10 11:42:12,1
-9.03,2019-02-05 12:58:18,1
18.28,2019-03-20 06:55:51,1
22.61,2019-07-24 02:37:45,2
-30.94,2019-09-24 01:50:43,1
-11.85,2019-10-22 00:24:55,2
-14.15,2019-06-18 08:41:15,2
-38.5,2019-10-13 20:49:25,2
-32.34,2019-10-21 13:24:37,2
-19.37,2019-03-19 23:53:48,1
-3.92,2019-09-08 07:48:05,2
19.6,2019-12-26 18:38:03,2
32.07,2019-04-07 08:40:57,1
37.65,2019-03-24 08:37:49,2
13.92,2019-11-24 22:49:26,1
-34.51,2019-10-15 15:55:44,1
-39.62,2019-11-19 04:26:38,1
-6.98,2019-11-12 00:28:43,2
-8.79,2019-05-21 04:58:14,2
13.12,2019-01-28 04:35:12,2
-15.61,2019-01-10 02:44:44,2
10.94,2019-02-06 14:28:27,1
1.78,2019-08-03 12:38:59,1
-6.43,2019-03-30 11:03:26,1
20.87,2019-06-07 09:26:00,1
-24.47,2019-12-30 09:39:40,1
-7.7,2019-01-04 05:33:26,2
5.83,2019-04-18 15:58:03,2
34.79,2019-08-24 16:22:56,1
14.05,2019-03-28 06:55:31,1
-1.17,2019-01-11 09:17:32,1
-30.32,2019-08-06 10:48:39,1
-13.59,2019-06-06 23:37:03,1
-18.7,2019-06-08 15:03:31,2
27.03,2019-04-04 05:30:17,1
11.45,2019-05-09 12:01:40,2
-17.99,2019-02-14 13:00:10,2
32.7,2019-01-08 22:47:27,1
12.25,2019-03-11 02:43:30,2
26.27,2019-08-08 14:14:21,1
19.99,2019-02-08 00:37:13,2
-6.48,2019-04-23 05:59:03,1
4.42,2019-08-23 04:13:14,2
33.0,2019-07-15 04:04:34,2
-17.36,2019-08-22 10:51:13,1
8.17,2019-08-05 22:35:27,1
-14.96,2019-07-31 16:23:26,2
0.08,2019-08-02 18:59:31,1
32.7,2019-11-29 20:58:58,1
22.11,2019-04-07 17:03:20,2
18.59,2019-06-22 03:13:43,2
-1.62,2019-11-25 06:25:06,1
3.28,2019-11-08 14:55:56,2
25.71,2019-02-22 06:04:01,1
-0.99,2019-05-05 02:36:00,2
19.41,2019-03-14 06:03:57,1
-9.85,2019-07-06 04:26:15,1
-23.49,2019-09-30 08:31:21,2
-10.93,2019-07-20 22:28:57,2
-36.33,2019-09-06 03:56:29,2
17.4,2019-08-31 23:02:26,2
-36.71,2019-09-29 20:24:23,1
38.89,2019-12-25 23:30:20,2
-33.53,2019-11-08 19:28:57,1
-30.46,2019-01-20 09:31:34,2
39.16,2019-05-30 19:01:50,2
16.33,2019-05-12 09:11:58,1
31.95,2019-02-09 02:38:53,1
-5.09,2019-01-07 21:54:49,1
30.18,2019-08-19 18:38:34,2
-26.89,2019-09-11 15:06:20,1
-8.97,2019-02-02 13:51:56,1
-12.73,2019-02-13 05:08:55,1
-13.6,2019-05-24 06:57:25,1
-38.76,2019-05-14 11:48:57,2
-20.75,2019-07-25 01:02:02,2
-36.82,2019-09-18 05:40:01,2
9.87,2019-05-08 07:52:56,1
19.07,2019-02-16 21:24:01,2
-16.72,2019-04-15 01:43:09,2
-20.12,2019-12-04 04:51:15,1
14.63,2019-01-07 03:58:07,2
-32.77,2019-11-14 11:52:38,1
-1.37,2019-12-17 19:16:20,1
38.64,2019-09-30 18:27:24,1
5.38,2019-01-11 15:08:37,2
13.57,2019-03-29 14:21:52,2
14.65,2019-08-18 01:41:39,2
19.87,2019-06-30 02:33:07,1
-24.05,2019-11-09 05:54:45,2
-31.11,2019-11-17 22:51:10,1
13.62,2019-09-29 14:13:14,1
-29.39,2019-12-02 17:14:15,1
-3.07,2019-04-28 20:22:42,2
23.49,2019-06-04 22:17:09,1
-6.82,2019-07-05 05:13:36,1
-11.14,2019-06-16 22:15:13,2
-28.85,2019-04-19 02:22:00,2
-38.7,2019-06-03 09:01:18,1
-21.04,2019-09-16 19:42:25,2
35.85,2019-09-20 09:21:28,1
2.75,2019-11-03 02:21:42,1
-10.59,2019-12-10 18:36:10,1
-23.91,2019-09-09 12:24:39,1
12.85,2019-10-31 09:09:09,2
-18.25,2019-10-15 01:02:33,1
-32.45,2019-02-10 09:35:04,1
-8.0,2019-12-27 02:56:42,2
-17.68,2019-10-25 15:14:47,2
25.64,2019-12-12 20:03:15,2
15.59,2019-01-17 23:54:55,2
-7.89,2019-07-14 02:52:46,1
21.75,2019-05-24 00:19:36,2
-11.42,2019-06-12 13:06:58,2
18.7,2019-05-22 08:45:11,1
-6.1,2019-07-02 08:55:47,2
1.41,2019-12-20 12:14:21,2
-32.77,2019-03-21 16:59:38,1
34.33,2019-05-20 22:18:50,2
-3.94,2019-01-19 20:08:54,1
-33.45,2019-11-07 09:26:42,2
20.87,2019-01-06 12:56:40,1
33.42,2019-10-09 22:40:17,1
39.08,2019-02-17 13:20:41,2
28.11,2019-09-22 14:23:13,1
-26.54,2019-06-17 00:29:02,1
27.87,2019-08-02 22:25:38,1
28.98,2019-04-21 15:42:07,1
22.97,2019-02-04 23:09:55,1
33.65,2019-05-24 07:24:30,1
-32.71,2019-05-27 17:11:45,2
34.71,2019-09-04 19:38:42,2
-7.44,2019-11-01 06:52:28,2
-1.43,2019-11-19 07:24:29,2
-19.72,2019-07-16 12:14:40,1
-5.81,2019-12-21 21:31:10,1
-23.96,2019-02-24 12:35:05,1
-3.78,2019-09-13 06:44:42,1
36.53,2019-04-03 17:07:23,2
-6.03,2019-10-22 08:12:56,1
-16.5,2019-05-13 06:37:19,1
-26.17,2019-01-09 03:43:09,1
3.7,2019-03-28 08:00:56,1
39.97,2019-03-11 12:23:07,2
-34.36,2019-11-11 18:45:51,2
38.02,2019-10-07 08:45:13,2
-13.5,2019-01-12 08:17:42,2
12.43,2019-07-06 09:18:18,2
24.33,2019-10-29 11:01:08,1
-15.03,2019-04-09 20:56:14,2
-2.69,2019-11-05 13:18:33,1
29.49,2019-04-07 13:12:24,1
-7.1,2019-05-11 17:17:37,2
2.44,2019-08-28 13:37:12,1
-0.59,2019-12-22 00:56:32,1
-35.19,2019-05-10 21:15:05,1
28.55,2019-03-20 17:38:21,1
14.12,2019-08-30 17:15:58,2
-9.68,2019-01-19 21:20:04,1
31.65,2019-06-01 21:20:10,2
-37.96,2019-03-29 20:21:36,2
30.19,2019-02-22 16:53:16,2
14.18,2019-11-19 23:31:45,2
25.07,2019-12-21 14:21:52,2
25.64,2019-04-06 22:29:01,2
-10.47,2019-02-25 06:56:44,2
12.3,2019-04-18 00:51:53,1
5.23,2019-06-11 11:36:32,2
-25.05,2019-09-16 05:35:09,1
-25.05,2019-07-10 21:25:34,1
23.49,2019-03-07 18:12:03,1
29.14,2019-07-05 05:19:22,2
-8.68,2019-09-12 00:55:36,1
1.65,2019-05-14 11:57:02,1
2.47,2019-03-19 00:02:28,2
-15.72,2019-01-04 13:10:13,1
10.71,2019-11-01 13:08:10,2
-16.06,2019-08-04 16:17:38,2
33.21,2019-10-09 19:17:59,1
30.9,2019-06-20 05:08:47,2
-21.28,2019-10-10 09:33:52,1
-32.02,2019-01-03 20:03:51,1
-26.17,2019-11-11 19:58:14,2
17.46,2019-03-12 03:58:10,2
37.75,2019-12-29 00:16:27,1
27.7,2019-08-17 05:35:47,2
20.98,2019-09-14 15:04:41,2
32.15,2019-12-23 23:34:41,1
34.2,2019-09-25 08:04:59,1
-3.03,2019-05-17 23:25:57,1
7.6,2019-04-06 01:32:10,2
13.53,2019-12-19 06:06:39,2
36.75,2019-06-19 16:24:38,1
-2.08,2019-11-24 14:52:26,1
-31.88,2019-11-18 12:41:55,2
37.38,2019-12-24 17:05:32,2
-1.3,2019-10-10 09:11:59,1
-23.03,2019-08-20 04:23:01,2
-23.02,2019-08-02 09:49:17,1
-11.0,2019-01-05 08:35:56,2
-28.95,2019-09-04 12:18:47,1
21.87,2019-02-22 17:13:29,1
-29.36,2019-09-13 06:02:30,2
22.35,2019-08-16 09:11:50,1
-19.22,2019-11-27 18:12:36,1
31.08,2019-10-08 16:19:23,2
-24.78,2019-01-18 05:08:03,1
10.91,2019-12-06 04:25:53,1
-4.84,2019-11-05 06:21:47,2
12.45,2019-08-08 05:49:07,1
-27.23,2019-02-27 02:29:03,2
21.71,2019-10-21 23:20:17,1
31.42,2019-08-28 04:29:34,1
32.85,2019-11-12 21:23:11,1
13.43,2019-06-26 02:40:11,1
34.03,2019-11-13 00:03:29,2
-25.14,2019-03-21 00:44:10,2
-5.75,2019-09-19 04:27:17,2
17.23,2019-08-19 10:03:32,1
-6.64,2019-07-23 11:34:50,2
-29.74,2019-10-02 00:14:40,1
34.63,2019-09-23 13:19:47,2
-29.89,2019-05-05 02:12:47,2
32.48,2019-05-02 19:13:59,2
4.18,2019-10-26 22:32:58,2
14.93,2019-12-07 19:35:31,2
13.21,2019-10-26 19:01:18,1
37.76,2019-08-06 07:40:14,1
5.02,2019-08-25 13:32:25,1
-13.05,2019-04-25 18:01:07,1
-9.9,2019-08-20 02:49:58,1
-1.07,2019-07-05 16:37:32,2
-20.86,2019-05-26 07:58:19,2
30.51,2019-05-19 08:17:45,1
18.78,2019-11-16 04:17:39,2
28.03,2019-05-15 22:15:53,2
39.0,2019-08-27 11:48:19,2
-30.08,2019-10-29 21:53:33,2
21.52,2019-01-12 21:08:37,1
31.77,2019-03-01 04:07:30,2
29.93,2019-07-09 09:31:58,2
-14.51,2019-01-08 11:24:35,1
38.28,2019-04-30 09:26:48,1
26.87,2019-12-03 15:43:10,1
-31.12,2019-07-24 15:21:41,1
15.67,2019-02-06 04:00:36,2
-31.39,2019-05-20 05:29:02,2
-11.08,2019-07-21 11:51:27,2
13.17,2019-02-27 14:45:17,1
-37.35,2019-01-12 13:07:05,2
-7.56,2019-11-27 22:28:59,1
-39.22,2019-01-16 10:59:37,2
-9.54,2019-11-20 00:03:11,2
29.01,2019-07-13 00:22:21,1
-6.11,2019-08-23 10:10:45,1
-7.94,2019-04-25 05:43:14,1
-38.93,2019-06-07 15:40:05,2
-32.79,2019-08-30 04:42:01,1
5.56,2019-12-19 09:45:32,1
26.38,2019-11-19 11:53:56,1
16.54,2019-05-12 01:09:47,1
-39.88,2019-09-09 13:49:12,1
-7.43,2019-09-11 06:07:20,1
-33.15,2019-03-07 20:06:22,1
-37.08,2019-02-28 14:46:29,2
26.28,2019-03-01 09:19:00,1
-7.84,2019-06-06 07:18:51,2
-39.22,2019-12-19 10:09:01,1
31.95,2019-07-31 21:43:47,1
16.88,2019-10-13 16:15:17,1
17.71,2019-05-11 07:14:49,2
17.93,2019-11-22 21:54:38,1
4.26,2019-04-28 08:22:53,2
17.06,2019-08-16 12:18:51,1
34.09,2019-05-19 14:16:22,1
-37.84,2019-08-18 23:31:33,2
-30.81,2019-10-13 10:39:19,2
-25.86,2019-05-23 09:04:47,2
-29.61,2019-10-09 00:45:48,2
3.11,2019-01-06 21:13:44,1
-27.99,2019-12-05 07:00:05,1
11.11,2019-01-07 02:00:36,1
18.98,2019-07-08 10:32:14,1
19.73,2019-05-05 05:55:42,2
21.22,2019-09-02 05:17:28,2
21.55,2019-02-22 10:57:24,2
-18.54,2019-09-26 15:28:31,2
20.6,2019-01-09 18:48:06,1
-26.93,2019-09-04 05:13:21,1
-30.6,2019-10-07 19:03:01,1
-34.05,2019-01-06 22:05:06,2
38.44,2019-03-05 02:50:18,2
-13.43,2019-07-28 20:45:40,2
15.78,2019-04-30 03:40:07,2
-31.48,2019-07-23 05:46:06,2
6.83,2019-01-05 19:29:50,1
-24.45,2019-08-05 22:02:17,2
26.29,2019-06-18 20:40:25,1
14.39,2019-11-15 11:44:58,2
9.51,2019-04-18 22:34:02,2
2.36,2019-05-25 12:26:10,2
13.77,2019-08-22 23:39:41,2
-29.78,2019-04-23 11:29:26,1
8.49,2019-02-08 01:18:34,2
17.35,2019-06-14 04:29:36,2
25.8,2019-04-28 23:52:10,1
-29.69,2019-05-20 21:48:26,2
5.4,2019-06-10 11:49:09,2
-37.03,2019-02-20 22:03:43,1
-2.68,2019-02-03 23:14:16,1
-39.35,2019-10-17 22:10:47,1
-20.08,2019-02-01 16:30:49,1
-2.49,2019-12-19 09:30:47,2
-29.7,2019-11-26 08:56:55,2
4.18,2019-02-04 16:18:03,1
17.49,2019-04-29 04:15:03,2
7.5,2019-11-18 07:53:13,2
22.63,2019-11-12 16:32:35,2
33.58,2019-09-12 14:46:53,2
-33.86,2019-11-23 17:14:50,1
37.83,2019-02-08 12:11:59,2
26.87,2019-01-24 10:17:55,1
-35.1,2019-04-09 08:44:51,2
-9.27,2019-09-24 13:50:38,1
-23.4,2019-01-12 19:48:28,1
-34.1,2019-02-12 20:25:28,2
13.78,2019-09-07 17:00:28,2
-21.15,2019-01-22 04:27:30,2
38.04,2019-10-30 10:23:06,2
32.39,2019-03-14 10:01:49,2
14.72,2019-09-22 04:46:26,1
-31.13,2019-05-10 20:28:11,1
-0.92,2019-04-10 01:15:13,1
-6.81,2019-01-07 19:53:52,2
-9.12,2019-11-20 19:02:40,2
20.43,2019-05-12 14:01:20,1
-0.72,2019-11-09 01:32:18,1
25.96,2019-12-26 21:53:18,2
5.39,2019-03-16 07:09:29,1
32.76,2019-04-17 01:59:18,1
-10.77,2019-05-24 22:53:50,2
34.63,2019-11-11 14:42:47,2
-6.72,2019-02-27 17:23:44,1
-14.07,2019-04-24 13:57:30,1
-10.92,2019-03-10 03:34:48,1
18.24,2019-01-22 22:13:13,2
0.61,2019-03-23 13:40:16,1
-0.71,2019-05-14 23:06:19,2
-2.59,2019-06-21 06:46:41,1
10.68,2019-05-11 01:28:02,2
-11.48,2019-01-25 11:05:00,2
25.32,2019-08-20 03:10:03,1
6.74,2019-09-10 19:02:22,2
-15.22,2019-01-03 15:12:19,2
-11.15,2019-02-19 17:22:17,1
-4.12,2019-10-13 11:28:57,1
-28.86,2019-02-28 22:43:40,1
-12.63,2019-06-14 21:16:28,2
-17.66,2019-08-05 20:39:20,1
10.19,2019-01-16 18:54:13,1
-6.75,2019-12-28 03:17:38,1
-33.06,2019-10-30 09:48:45,2
-2.04,2019-12-07 05:39:43,2
22.54,2019-02-06 21:15:17,1
30.89,2019-02-27 08:51:35,1
22.32,2019-04-11 15:59:27,1
-37.85,2019-09-26 03:00:31,1
-9.87,2019-05-17 15:37:16,1
-0.51,2019-12-03 13:16:20,1
10.79,2019-12-23 19:53:33,2
-7.63,2019-12-28 06:30:21,1
15.68,2019-04-20 23:58:49,2
-22.12,2019-08-15 22:52:59,2
-18.18,2019-08-24 00:51:13,2
16.69,2019-11-16 18:39:50,2
1.18,2019-06-18 22:27:57,1
-31.57,2019-08-23 23:12:48,1
16.42,2019-06-20 18:12:42,1
15.11,2019-08-29 17:20:00,1
-0.37,2019-09-20 23:09:42,2
19.15,2019-05-06 14:43:25,1
17.89,2019-05-10 22:47:15,1
-2.2,2019-11-19 02:10:27,1
18.36,2019-07-09 07:43:22,1
38.49,2019-01-05 04:42:57,2
37.16,2019-10-01 10:43:10,1
-23.95,2019-06-05 22:51:08,1
-13.78,2019-12-23 15:09:18,2
27.81,2019-05-09 23:16:39,2
-31.47,2019-04-30 02:05:38,1
39.07,2019-09-07 00:26:30,2
-2.34,2019-02-22 19:02:22,1
8.16,2019-05-31 01:29:35,1
-4.85,2019-11-03 21:26:29,1
-36.18,2019-12-20 10:50:35,1
-8.08,2019-05-15 22:45:45,2
-12.95,2019-09-23 01:09:34,1
21.48,2019-04-05 07:01:27,1
29.0,2019-07-24 04:39:17,2
28.35,2019-11-06 15:52:12,1
-7.18,2019-04-13 07:06:45,1
33.17,2019-02-08 16:31:39,2
39.77,2019-07-15 14:54:26,2
37.41,2019-11-01 02:07:59,2
10.72,2019-11-06 03:30:16,2
-39.6,2019-05-15 20:42:10,1
-8.1,2019-01-02 20:40:37,2
-8.24,2019-01-27 02:27:24,2
9.77,2019-04-21 22:02:15,2
15.25,2019-10-16 16:29:03,2
-3.53,2019-06-26 01:25:43,2
39.79,2019-10-05 21:48:03,1
15.11,2019-04-19 10:37:17,2
-17.49,2019-12-14 09:25:25,2
20.27,2019-01-29 21:55:57,2
18.06,2019-03-31 21:07:40,1
-3.08,2019-02-01 16:50:47,2
-24.45,2019-08-03 21:41:45,2
26.3,2019-01-22 04:22:00,1
20.71,2019-03-10 03:24:19,2
7.66,2019-09-15 18:23:39,2
38.14,2019-04-22 16:29:03,1
-39.84,2019-06-22 04:44:36,1
-27.66,2019-08-13 20:09:49,2
16.93,2019-11-26 02:22:30,1
2.79,2019-02-18 16:39:37,2
-26.36,2019-10-15 03:27:50,2
14.18,2019-04-21 20:30:57,2
-3.72,2019-10-20 18:45:12,2
7.84,2019-12-06 04:52:41,2
-11.18,2019-05-13 04:51:16,2
38.0,2019-10-21 17:37:46,2
-21.11,2019-09-08 20:28:08,1
-39.14,2019-07-02 10:06:39,2
2.27,2019-10-25 16:04:11,2
3.11,2019-10-19 02:51:51,1
35.97,2019-12-05 20:50:32,2
14.62,2019-12-17 10:29:10,1
11.0,2019-02-19 01:21:03,2
-0.64,2019-09-14 19:32:40,1
-23.3,2019-01-18 08:54:10,1
-6.85,2019-04-09 17:47:47,2
-28.68,2019-11-09 22:17:50,2
-13.44,2019-06-11 13:39:13,2
-11.34,2019-11-23 03:57:51,1
-24.61,2019-06-28 18:24:25,1
-17.91,2019-11-05 15:02:58,2
-7.95,2019-08-17 13:47:45,1
34.23,2019-06-23 07:09:29,1
-36.97,2019-06-11 13:31:44,1
-15.31,2019-09-02 20:41:18,1
-4.2,2019-05-24 17:12:45,1
22.07,2019-12-01 21:22:18,1
32.89,2019-12-22 22:15:32,1
37.12,2019-06-07 12:56:36,1
10.48,2019-04-11 02:00:52,1
-7.76,2019-12-28 18:30:58,2
37.75,2019-08-27 05:56:01,2
-37.63,2019-03-28 20:31:04,1
25.74,2019-05-19 08:41:42,1
1.89,2019-10-22 14:57:15,1
11.52,2019-10-06 13:55:32,2
5.25,2019-02-12 20:19:49,2
35.86,2019-09-26 04:30:40,1
8.38,2019-07-06 12:26:50,2
-3.11,2019-09-07 17:22:17,2
37.65,2019-01-08 14:13:50,2
-38.27,2019-02-15 00:51:25,2
-35.86,2019-08-22 11:45:39,1
-2.22,2019-09-25 03:27:21,1
6.13,2019-02-28 00:31:38,2
-18.79,2019-05-02 16:14:51,1
3.05,2019-08-01 14:48:58,1
16.57,2019-11-10 12:09:51,2
4.0,2019-08-12 02:54:07,2
7.27,2019-03-03 03:15:52,1
-2.97,2019-02-04 12:33:29,1
-11.94,2019-10-05 12:12:06,2
-19.76,2019-04-28 16:48:51,2
-21.31,2019-04-28 05:37:00,2
-26.21,2019-05-29 10:25:58,1
15.54,2019-02-17 20:02:05,1
-23.83,2019-07-11 12:29:42,1
29.07,2019-07-31 08:29:26,1
-27.12,2019-04-28 10:34:20,1
-12.07,2019-08-16 02:41:32,1
-23.34,2019-03-01 08:31:23,1
23.73,2019-05-17 23:33:50,1
19.2,2019-06-17 14:44:53,2
-39.04,2019-04-12 09:37:57,1
-5.62,2019-03-15 21:30:47,1
21.85,2019-04-15 04:09:50,2
-6.31,2019-06-05 08:32:12,2
13.66,2019-02-03 05:18:28,2
-13.75,2019-01-29 07:51:12,2
17.73,2019-04-19 04:29:39,1
-13.68,2019-03-25 12:25:56,1
1.98,2019-09-03 13:07:10,2
-9.63,2019-10-07 09:46:54,1
12.93,2019-12-17 07:51:08,1
39.89,2019-11-22 00:26:57,2
12.95,2019-03-17 19:12:34,1
-13.98,2019-10-17 14:44:46,2
11.18,2019-01-13 17:06:50,2
-20.44,2019-03-31 12:53:30,2
9.86,2019-11-25 07:58:31,2
2.11,2019-07-13 00:22:25,2
36.59,2019-05-26 01:47:05,2
-13.14,2019-06-05 21:18:41,1
11.71,2019-03-04 03:57:06,1
34.03,2019-04-03 07:38:19,1
-7.36,2019-01-08 16:05:13,2
-9.86,2019-08-08 19:38:31,1
-17.35,2019-10-24 12:00:27,1
21.79,2019-02-01 13:03:57,2
13.35,2019-05-12 15:16:33,1
16.86,2019-06-27 03:18:39,1
-12.46,2019-07-01 22:00:14,1
-4.05,2019-02-05 07:31:12,2
25.5,2019-08-28 00:44:19,1
20.54,2019-07-07 19:47:37,2
-33.26,2019-02-10 16:05:44,1
20.78,2019-09-22 08:35:52,2
-13.82,2019-05-28 13:59:15,1
-8.7,2019-03-21 14:04:32,2
18.04,2019-01-10 22:42:19,2
11.66,2019-08-07 09:03:38,1
13.61,2019-06-06 20:42:01,1
23.87,2019-02-09 16:28:33,1
-16.96,2019-07-11 13:16:48,2
39.17,2019-01-12 09:21:16,2
-21.37,2019-07-01 16:22:46,1
11.46,2019-05-21 22:33:16,2
22.85,2019-05-07 17:41:41,2
-19.38,2019-08-17 07:23:45,1
33.77,2019-03-24 00:26:28,1
9.93,2019-06-21 14:04:17,2
11.42,2019-09-26 13:16:59,1
35.16,2019-06-27 18:55:47,2
26.62,2019-07-13 07:30:42,1
-30.37,2019-03-27 19:08:32,1
27.41,2019-09-28 22:31:12,2
-21.59,2019-06-30 03:19:21,1
-32.27,2019-04-25 03:46:18,2
-17.5,2019-10-08 08:30:02,1
15.59,2019-06-16 18:51:09,2
-22.05,2019-12-10 17:44:11,2
15.49,2019-10-17 13:15:30,1
25.36,2019-01-27 10:34:09,2
5.63,2019-06-30 11:28:17,2
-5.9,2019-03-06 09:28:34,1
16.27,2019-07-24 04:03:39,1
15.21,2019-08-31 07:44:44,1
16.9,2019-09-02 11:36:17,1
14.9,2019-01-05 05:15:53,1
32.4,2019-09-25 04:32:40,1
-3.97,2019-02-23 22:33:44,1
4.17,2019-10-19 05:02:55,1
-30.14,2019-03-04 04:19:43,2
-4.08,2019-12-08 08:53:31,1
-36.45,2019-06-16 16:05:22,2
-37.62,2019-09-10 06:38:30,1
-36.71,2019-02-10 03:41:37,1
-17.63,2019-10-06 19:26:47,2
2.97,2019-04-30 15:04:22,2
-20.19,2019-01-24 01:39:44,1
28.47,2019-01-28 06:56:21,2
32.39,2019-10-20 22:45:38,2
27.09,2019-12-12 21:37:41,2
-30.09,2019-08-15 17:44:00,2
31.22,2019-10-04 20:13:19,2
4.72,2019-08-27 09:26:50,1
8.82,2019-12-14 23:16:52,2
27.06,2019-07-16 14:28:20,1
34.03,2019-09-04 19:15:14,1
16.37,2019-09-21 19:44:47,2
-26.47,2019-09-15 05:40:48,2
8.07,2019-04-20 17:26:14,2
24.55,2019-02-03 14:23:43,2
32.23,2019-09-11 19:39:26,2
-12.74,2019-07-07 16:52:38,1
26.69,2019-12-18 03:15:10,2
13.57,2019-05-30 18:14:48,1
38.38,2019-03-02 20:29:46,2
